{
  "hash": "b89fb854",
  "configHash": "9147dd86",
  "lockfileHash": "cc144101",
  "browserHash": "58ce597d",
  "optimized": {
    "@angular/cdk/bidi": {
      "src": "../../../../../../node_modules/@angular/cdk/fesm2022/bidi.mjs",
      "file": "@angular_cdk_bidi.js",
      "fileHash": "718bd20b",
      "needsInterop": false
    },
    "@angular/cdk/scrolling": {
      "src": "../../../../../../node_modules/@angular/cdk/fesm2022/scrolling.mjs",
      "file": "@angular_cdk_scrolling.js",
      "fileHash": "b3ab4268",
      "needsInterop": false
    },
    "@angular/cdk/text-field": {
      "src": "../../../../../../node_modules/@angular/cdk/fesm2022/text-field.mjs",
      "file": "@angular_cdk_text-field.js",
      "fileHash": "dcbe1aa4",
      "needsInterop": false
    },
    "@angular/common": {
      "src": "../../../../../../node_modules/@angular/common/fesm2022/common.mjs",
      "file": "@angular_common.js",
      "fileHash": "6e9cadc6",
      "needsInterop": false
    },
    "@angular/common/http": {
      "src": "../../../../../../node_modules/@angular/common/fesm2022/http.mjs",
      "file": "@angular_common_http.js",
      "fileHash": "7d5e770c",
      "needsInterop": false
    },
    "@angular/core": {
      "src": "../../../../../../node_modules/@angular/core/fesm2022/core.mjs",
      "file": "@angular_core.js",
      "fileHash": "f8110464",
      "needsInterop": false
    },
    "@angular/forms": {
      "src": "../../../../../../node_modules/@angular/forms/fesm2022/forms.mjs",
      "file": "@angular_forms.js",
      "fileHash": "2e66e505",
      "needsInterop": false
    },
    "@angular/material/button": {
      "src": "../../../../../../node_modules/@angular/material/fesm2022/button.mjs",
      "file": "@angular_material_button.js",
      "fileHash": "fa3c557b",
      "needsInterop": false
    },
    "@angular/material/card": {
      "src": "../../../../../../node_modules/@angular/material/fesm2022/card.mjs",
      "file": "@angular_material_card.js",
      "fileHash": "b42021fd",
      "needsInterop": false
    },
    "@angular/material/form-field": {
      "src": "../../../../../../node_modules/@angular/material/fesm2022/form-field.mjs",
      "file": "@angular_material_form-field.js",
      "fileHash": "3b60bee8",
      "needsInterop": false
    },
    "@angular/material/grid-list": {
      "src": "../../../../../../node_modules/@angular/material/fesm2022/grid-list.mjs",
      "file": "@angular_material_grid-list.js",
      "fileHash": "2362bb63",
      "needsInterop": false
    },
    "@angular/material/icon": {
      "src": "../../../../../../node_modules/@angular/material/fesm2022/icon.mjs",
      "file": "@angular_material_icon.js",
      "fileHash": "07ba085a",
      "needsInterop": false
    },
    "@angular/material/input": {
      "src": "../../../../../../node_modules/@angular/material/fesm2022/input.mjs",
      "file": "@angular_material_input.js",
      "fileHash": "da5dd9b3",
      "needsInterop": false
    },
    "@angular/material/list": {
      "src": "../../../../../../node_modules/@angular/material/fesm2022/list.mjs",
      "file": "@angular_material_list.js",
      "fileHash": "68504f7c",
      "needsInterop": false
    },
    "@angular/material/select": {
      "src": "../../../../../../node_modules/@angular/material/fesm2022/select.mjs",
      "file": "@angular_material_select.js",
      "fileHash": "214611e6",
      "needsInterop": false
    },
    "@angular/material/toolbar": {
      "src": "../../../../../../node_modules/@angular/material/fesm2022/toolbar.mjs",
      "file": "@angular_material_toolbar.js",
      "fileHash": "c99648a6",
      "needsInterop": false
    },
    "@angular/platform-browser": {
      "src": "../../../../../../node_modules/@angular/platform-browser/fesm2022/platform-browser.mjs",
      "file": "@angular_platform-browser.js",
      "fileHash": "e8455b81",
      "needsInterop": false
    },
    "@angular/platform-server": {
      "src": "../../../../../../node_modules/@angular/platform-server/fesm2022/platform-server.mjs",
      "file": "@angular_platform-server.js",
      "fileHash": "a5573459",
      "needsInterop": false
    },
    "@angular/router": {
      "src": "../../../../../../node_modules/@angular/router/fesm2022/router.mjs",
      "file": "@angular_router.js",
      "fileHash": "0182634a",
      "needsInterop": false
    },
    "@angular/ssr": {
      "src": "../../../../../../node_modules/@angular/ssr/fesm2022/ssr.mjs",
      "file": "@angular_ssr.js",
      "fileHash": "c6e6b31e",
      "needsInterop": false
    },
    "@angular/ssr/node": {
      "src": "../../../../../../node_modules/@angular/ssr/fesm2022/node.mjs",
      "file": "@angular_ssr_node.js",
      "fileHash": "6b5772b8",
      "needsInterop": false
    },
    "express": {
      "src": "../../../../../../node_modules/express/index.js",
      "file": "express.js",
      "fileHash": "1f771877",
      "needsInterop": true
    },
    "primeng/api": {
      "src": "../../../../../../node_modules/primeng/fesm2022/primeng-api.mjs",
      "file": "primeng_api.js",
      "fileHash": "bf31af22",
      "needsInterop": false
    },
    "primeng/button": {
      "src": "../../../../../../node_modules/primeng/fesm2022/primeng-button.mjs",
      "file": "primeng_button.js",
      "fileHash": "24e5c92d",
      "needsInterop": false
    },
    "primeng/dataview": {
      "src": "../../../../../../node_modules/primeng/fesm2022/primeng-dataview.mjs",
      "file": "primeng_dataview.js",
      "fileHash": "b1eeb001",
      "needsInterop": false
    },
    "primeng/dialog": {
      "src": "../../../../../../node_modules/primeng/fesm2022/primeng-dialog.mjs",
      "file": "primeng_dialog.js",
      "fileHash": "6e06bc14",
      "needsInterop": false
    },
    "primeng/panelmenu": {
      "src": "../../../../../../node_modules/primeng/fesm2022/primeng-panelmenu.mjs",
      "file": "primeng_panelmenu.js",
      "fileHash": "e3aa25c8",
      "needsInterop": false
    },
    "primeng/splitter": {
      "src": "../../../../../../node_modules/primeng/fesm2022/primeng-splitter.mjs",
      "file": "primeng_splitter.js",
      "fileHash": "b18098d8",
      "needsInterop": false
    },
    "rxjs": {
      "src": "../../../../../../node_modules/rxjs/dist/cjs/index.js",
      "file": "rxjs.js",
      "fileHash": "9295d472",
      "needsInterop": true
    }
  },
  "chunks": {
    "xhr2-GQGQZVNL": {
      "file": "xhr2-GQGQZVNL.js"
    },
    "chunk-EHGZXYZE": {
      "file": "chunk-EHGZXYZE.js"
    },
    "chunk-7QUZPSXW": {
      "file": "chunk-7QUZPSXW.js"
    },
    "chunk-3OPQXEMT": {
      "file": "chunk-3OPQXEMT.js"
    },
    "chunk-MQUW2EMQ": {
      "file": "chunk-MQUW2EMQ.js"
    },
    "chunk-3NTQ2OJN": {
      "file": "chunk-3NTQ2OJN.js"
    },
    "chunk-KZAUCBIK": {
      "file": "chunk-KZAUCBIK.js"
    },
    "chunk-WUCJFSRY": {
      "file": "chunk-WUCJFSRY.js"
    },
    "chunk-LEGOBRBO": {
      "file": "chunk-LEGOBRBO.js"
    },
    "chunk-HUGIBKDA": {
      "file": "chunk-HUGIBKDA.js"
    },
    "chunk-WM5R27FQ": {
      "file": "chunk-WM5R27FQ.js"
    },
    "chunk-VUDA2HXH": {
      "file": "chunk-VUDA2HXH.js"
    },
    "chunk-UOJVPWFZ": {
      "file": "chunk-UOJVPWFZ.js"
    },
    "chunk-P2FRHF3L": {
      "file": "chunk-P2FRHF3L.js"
    },
    "chunk-T3735ANT": {
      "file": "chunk-T3735ANT.js"
    },
    "chunk-4ORK3CY3": {
      "file": "chunk-4ORK3CY3.js"
    },
    "chunk-OJ3I57TI": {
      "file": "chunk-OJ3I57TI.js"
    },
    "chunk-K33RG6ND": {
      "file": "chunk-K33RG6ND.js"
    },
    "chunk-6KQMH66P": {
      "file": "chunk-6KQMH66P.js"
    },
    "chunk-CCS2UJXO": {
      "file": "chunk-CCS2UJXO.js"
    },
    "chunk-W4D37G4X": {
      "file": "chunk-W4D37G4X.js"
    },
    "chunk-URCPIUNS": {
      "file": "chunk-URCPIUNS.js"
    },
    "chunk-XW6SDNL2": {
      "file": "chunk-XW6SDNL2.js"
    },
    "chunk-SCTVEEDA": {
      "file": "chunk-SCTVEEDA.js"
    },
    "chunk-NTOHQGJU": {
      "file": "chunk-NTOHQGJU.js"
    },
    "chunk-6RQXZPPE": {
      "file": "chunk-6RQXZPPE.js"
    },
    "chunk-JTNASOKH": {
      "file": "chunk-JTNASOKH.js"
    },
    "chunk-YDI5XXYD": {
      "file": "chunk-YDI5XXYD.js"
    },
    "chunk-R5VTAUEX": {
      "file": "chunk-R5VTAUEX.js"
    },
    "chunk-N55ZFUUE": {
      "file": "chunk-N55ZFUUE.js"
    },
    "chunk-SBQGIAH2": {
      "file": "chunk-SBQGIAH2.js"
    },
    "chunk-MKHVCWTC": {
      "file": "chunk-MKHVCWTC.js"
    },
    "chunk-YHCV7DAQ": {
      "file": "chunk-YHCV7DAQ.js"
    }
  }
}