[
    {
        "id": 1,
        "firstName": "Anna",
        "lastName": "Stasia",
        "email": "anna.stasia@alten.example.com",
        "username": "anna.stasia",
        "password": "Anna123!",
        "passwordHash": "$2a$11$G5s2UZZsi0ytXUMTLT/cGenTDZomEfbYg7/p.7MbbpbqYhmaKRe/2",
        "profile": 1
    },
    {
        "id": 2,
        "firstName": "Ben",
        "lastName": "Jamin",
        "email": "ben.jamin@alten.example.com",
        "username": "ben.jamin",
        "password": "Ben123!",
        "passwordHash": "$2a$11$Zwom9aPsI.t/gykuwlqkjehLDJs9bExWT3BoHqdsKhyTKoIAmuRtO", 
        "profile": 2
    },
    {
        "id": 3,
        "firstName": "Chris",
        "lastName": "Tian",
        "email": "chris.tian@alten.example.com",
        "username": "chris.tian",
        "password": "Chris123!",
        "passwordHash": "$2a$11$VcOA1Atjkhjd3vAzPEMIKu/sbk6mBiJDy7dazuaQ22aDQrAOX8aUC",
        "profile": 2
    },
    {
        "id": 4,
        "firstName": "Debo",
        "lastName": "Rah",
        "email": "debo.rah@alten.example.com",
        "username": "debo.rah",
        "password": "Debo123!",
        "passwordHash": "$2a$11$/2surjj1Dz39IlACuIC3Z.ol.t96lpa1FPZssApMekjgGZNsM8UBG",
        "profile": 3
    }
]
