[
    {
        "id": 1,
        "firstName": "Anna",
        "lastName": "Stasia",
        "email": "anna.stasia@alten.example.com",
        "username": "anna.stasia",
        "password": "Anna123!",
        "passwordHash": "$2a$11$b3buUOPAXQ.f4DMkmvTucOwbcQ.AlORWQEijoO8wZXOCXDwiihazK",
        "profile": 1
    },
    {
        "id": 2,
        "firstName": "Ben",
        "lastName": "Jamin",
        "email": "ben.jamin@alten.example.com",
        "username": "ben.jamin",
        "password": "Ben123!",
        "passwordHash": "$2a$11$JDH2PzBEkQ2BxR.EQ.i/tueAkmQTijSzoapIvoa6Z98tUD39laLUi", 
        "profile": 2
    },
    {
        "id": 3,
        "firstName": "Chris",
        "lastName": "Tian",
        "email": "chris.tian@alten.example.com",
        "username": "chris.tian",
        "password": "Chris123!",
        "passwordHash": "$2a$11$12xnw8TXEAGPEo52T1L1W.lgNj1KWq8OeiQfpE3X22zH9BMDnOJVi",
        "profile": 2
    },
    {
        "id": 4,
        "firstName": "Debo",
        "lastName": "Rah",
        "email": "debo.rah@alten.example.com",
        "username": "debo.rah",
        "password": "Debo123!",
        "passwordHash": "$2a$11$CTYjkEJQe4ztIyB0yPd9HeqDyzwXEg5kA6evgg7AjSkWBC8S9yaZy",
        "profile": 3
    }
]
