[
	{
		"id": 1000,
		"code": "f230fh0g3",
		"name": "Bamboo Watch",
		"description": "Product Description <br> Lorem ipsum dolor sit amet, consectetur adipiscing elit, sed do eiusmod tempor incididunt ut labore et dolore magna aliqua.  <br> Ut enim ad minim veniam, quis nostrud exercitation ullamco laboris nisi ut aliquip ex ea commodo consequat.  <br> Duis aute irure dolor in reprehenderit in voluptate velit esse cillum dolore eu fugiat nulla pariatur.  <br> Excepteur sint occaecat cupidatat non proident, sunt in culpa qui officia deserunt mollit anim id est laborum.",
		"image": "https://picsum.photos/600/402",
		"price": 65,
		"category": "2",
		"createdAt": 1718114215761,
		"updatedAt": 1718114215761,
		"shellId": 15,
		"internalReference": "REF-123-456",
		"inventoryStatus": "1",
		"rating": 5
	},
	{
		"id": 1001,
		"code": "nvklal433",
		"name": "Black Watch",
		"description": "Product Description <br> Lorem ipsum dolor sit amet, consectetur adipiscing elit, sed do eiusmod tempor incididunt ut labore et dolore magna aliqua.  <br> Ut enim ad minim veniam, quis nostrud exercitation ullamco laboris nisi ut aliquip ex ea commodo consequat.  <br> Duis aute irure dolor in reprehenderit in voluptate velit esse cillum dolore eu fugiat nulla pariatur.  <br> Excepteur sint occaecat cupidatat non proident, sunt in culpa qui officia deserunt mollit anim id est laborum.",
		"image": "https://picsum.photos/600/401",
		"price": 72,
		"category": "2",
		"createdAt": 1718114215761,
		"updatedAt": 1718114215761,
		"shellId": 15,
		"internalReference": "REF-123-456",
		"inventoryStatus": "1",
		"rating": 4
	},
	{
		"id": 1002,
		"code": "zz21cz3c1",
		"name": "Blue Band",
		"description": "Product Description <br> Lorem ipsum dolor sit amet, consectetur adipiscing elit, sed do eiusmod tempor incididunt ut labore et dolore magna aliqua.  <br> Ut enim ad minim veniam, quis nostrud exercitation ullamco laboris nisi ut aliquip ex ea commodo consequat.  <br> Duis aute irure dolor in reprehenderit in voluptate velit esse cillum dolore eu fugiat nulla pariatur.  <br> Excepteur sint occaecat cupidatat non proident, sunt in culpa qui officia deserunt mollit anim id est laborum.",
		"image": "https://picsum.photos/600/402",
		"price": 79,
		"category": "1",
		"createdAt": 1718114215761,
		"updatedAt": 1718114215761,
		"shellId": 15,
		"internalReference": "REF-123-456",
		"inventoryStatus": "2",
		"rating": 3
	},
	{
		"id": 1003,
		"code": "244wgerg2",
		"name": "Blue T-Shirt",
		"description": "Product Description <br> Lorem ipsum dolor sit amet, consectetur adipiscing elit, sed do eiusmod tempor incididunt ut labore et dolore magna aliqua.  <br> Ut enim ad minim veniam, quis nostrud exercitation ullamco laboris nisi ut aliquip ex ea commodo consequat.  <br> Duis aute irure dolor in reprehenderit in voluptate velit esse cillum dolore eu fugiat nulla pariatur.  <br> Excepteur sint occaecat cupidatat non proident, sunt in culpa qui officia deserunt mollit anim id est laborum.",
		"image": "https://picsum.photos/600/401",
		"price": 29,
		"category": "3",
		"createdAt": 1718114215761,
		"updatedAt": 1718114215761,
		"shellId": 15,
		"internalReference": "REF-123-456",
		"inventoryStatus": "1",
		"rating": 5
	},
	{
		"id": 1004,
		"code": "h456wer53",
		"name": "Bracelet",
		"description": "Product Description <br> Lorem ipsum dolor sit amet, consectetur adipiscing elit, sed do eiusmod tempor incididunt ut labore et dolore magna aliqua.  <br> Ut enim ad minim veniam, quis nostrud exercitation ullamco laboris nisi ut aliquip ex ea commodo consequat.  <br> Duis aute irure dolor in reprehenderit in voluptate velit esse cillum dolore eu fugiat nulla pariatur.  <br> Excepteur sint occaecat cupidatat non proident, sunt in culpa qui officia deserunt mollit anim id est laborum.",
		"image": "https://picsum.photos/600/402",
		"price": 15,
		"category": "2",
		"createdAt": 1718114215761,
		"updatedAt": 1718114215761,
		"shellId": 15,
		"internalReference": "REF-123-456",
		"inventoryStatus": "1",
		"rating": 4
	},
	{
		"id": 1005,
		"code": "av2231fwg",
		"name": "Brown Purse",
		"description": "Product Description <br> Lorem ipsum dolor sit amet, consectetur adipiscing elit, sed do eiusmod tempor incididunt ut labore et dolore magna aliqua.  <br> Ut enim ad minim veniam, quis nostrud exercitation ullamco laboris nisi ut aliquip ex ea commodo consequat.  <br> Duis aute irure dolor in reprehenderit in voluptate velit esse cillum dolore eu fugiat nulla pariatur.  <br> Excepteur sint occaecat cupidatat non proident, sunt in culpa qui officia deserunt mollit anim id est laborum.",
		"image": "https://picsum.photos/600/401",
		"price": 120,
		"category": "2",
		"createdAt": 1718114215761,
		"updatedAt": 1718114215761,
		"shellId": 15,
		"internalReference": "REF-123-456",
		"inventoryStatus": "3",
		"rating": 4
	},
	{
		"id": 1006,
		"code": "bib36pfvm",
		"name": "Chakra Bracelet",
		"description": "Product Description <br> Lorem ipsum dolor sit amet, consectetur adipiscing elit, sed do eiusmod tempor incididunt ut labore et dolore magna aliqua.  <br> Ut enim ad minim veniam, quis nostrud exercitation ullamco laboris nisi ut aliquip ex ea commodo consequat.  <br> Duis aute irure dolor in reprehenderit in voluptate velit esse cillum dolore eu fugiat nulla pariatur.  <br> Excepteur sint occaecat cupidatat non proident, sunt in culpa qui officia deserunt mollit anim id est laborum.",
		"image": "https://picsum.photos/600/401",
		"price": 32,
		"category": "2",
		"createdAt": 1718114215761,
		"updatedAt": 1718114215761,
		"shellId": 15,
		"internalReference": "REF-123-456",
		"inventoryStatus": "2",
		"rating": 3
	},
	{
		"id": 1007,
		"code": "mbvjkgip5",
		"name": "Galaxy Earrings",
		"description": "Product Description <br> Lorem ipsum dolor sit amet, consectetur adipiscing elit, sed do eiusmod tempor incididunt ut labore et dolore magna aliqua.  <br> Ut enim ad minim veniam, quis nostrud exercitation ullamco laboris nisi ut aliquip ex ea commodo consequat.  <br> Duis aute irure dolor in reprehenderit in voluptate velit esse cillum dolore eu fugiat nulla pariatur.  <br> Excepteur sint occaecat cupidatat non proident, sunt in culpa qui officia deserunt mollit anim id est laborum.",
		"image": "https://picsum.photos/600/402",
		"price": 34,
		"category": "2",
		"createdAt": 1718114215761,
		"updatedAt": 1718114215761,
		"shellId": 15,
		"internalReference": "REF-123-456",
		"inventoryStatus": "1",
		"rating": 5
	},
	{
		"id": 1008,
		"code": "vbb124btr",
		"name": "Game Controller",
		"description": "Product Description <br> Lorem ipsum dolor sit amet, consectetur adipiscing elit, sed do eiusmod tempor incididunt ut labore et dolore magna aliqua.  <br> Ut enim ad minim veniam, quis nostrud exercitation ullamco laboris nisi ut aliquip ex ea commodo consequat.  <br> Duis aute irure dolor in reprehenderit in voluptate velit esse cillum dolore eu fugiat nulla pariatur.  <br> Excepteur sint occaecat cupidatat non proident, sunt in culpa qui officia deserunt mollit anim id est laborum.",
		"image": "https://picsum.photos/600/401",
		"price": 99,
		"category": "4",
		"createdAt": 1718114215761,
		"updatedAt": 1718114215761,
		"shellId": 15,
		"internalReference": "REF-123-456",
		"inventoryStatus": "2",
		"rating": 4
	},
	{
		"id": 1009,
		"code": "cm230f032",
		"name": "Gaming Set",
		"description": "Product Description <br> Lorem ipsum dolor sit amet, consectetur adipiscing elit, sed do eiusmod tempor incididunt ut labore et dolore magna aliqua.  <br> Ut enim ad minim veniam, quis nostrud exercitation ullamco laboris nisi ut aliquip ex ea commodo consequat.  <br> Duis aute irure dolor in reprehenderit in voluptate velit esse cillum dolore eu fugiat nulla pariatur.  <br> Excepteur sint occaecat cupidatat non proident, sunt in culpa qui officia deserunt mollit anim id est laborum.",
		"image": "https://picsum.photos/600/402",
		"price": 299,
		"category": "4",
		"createdAt": 1718114215761,
		"updatedAt": 1718114215761,
		"shellId": 15,
		"internalReference": "REF-123-456",
		"inventoryStatus": "1",
		"rating": 3
	},
	{
		"id": 1010,
		"code": "plb34234v",
		"name": "Gold Phone Case",
		"description": "Product Description <br> Lorem ipsum dolor sit amet, consectetur adipiscing elit, sed do eiusmod tempor incididunt ut labore et dolore magna aliqua.  <br> Ut enim ad minim veniam, quis nostrud exercitation ullamco laboris nisi ut aliquip ex ea commodo consequat.  <br> Duis aute irure dolor in reprehenderit in voluptate velit esse cillum dolore eu fugiat nulla pariatur.  <br> Excepteur sint occaecat cupidatat non proident, sunt in culpa qui officia deserunt mollit anim id est laborum.",
		"image": "https://picsum.photos/600/405",
		"price": 24,
		"category": "2",
		"createdAt": 1718114215761,
		"updatedAt": 1718114215761,
		"shellId": 15,
		"internalReference": "REF-123-456",
		"inventoryStatus": "3",
		"rating": 4
	},
	{
		"id": 1011,
		"code": "4920nnc2d",
		"name": "Green Earbuds",
		"description": "Product Description <br> Lorem ipsum dolor sit amet, consectetur adipiscing elit, sed do eiusmod tempor incididunt ut labore et dolore magna aliqua.  <br> Ut enim ad minim veniam, quis nostrud exercitation ullamco laboris nisi ut aliquip ex ea commodo consequat.  <br> Duis aute irure dolor in reprehenderit in voluptate velit esse cillum dolore eu fugiat nulla pariatur.  <br> Excepteur sint occaecat cupidatat non proident, sunt in culpa qui officia deserunt mollit anim id est laborum.",
		"image": "https://picsum.photos/600/402",
		"price": 89,
		"category": "4",
		"createdAt": 1718114215761,
		"updatedAt": 1718114215761,
		"shellId": 15,
		"internalReference": "REF-123-456",
		"inventoryStatus": "1",
		"rating": 4
	},
	{
		"id": 1012,
		"code": "250vm23cc",
		"name": "Green T-Shirt",
		"description": "Product Description <br> Lorem ipsum dolor sit amet, consectetur adipiscing elit, sed do eiusmod tempor incididunt ut labore et dolore magna aliqua.  <br> Ut enim ad minim veniam, quis nostrud exercitation ullamco laboris nisi ut aliquip ex ea commodo consequat.  <br> Duis aute irure dolor in reprehenderit in voluptate velit esse cillum dolore eu fugiat nulla pariatur.  <br> Excepteur sint occaecat cupidatat non proident, sunt in culpa qui officia deserunt mollit anim id est laborum.",
		"image": "https://picsum.photos/600/401",
		"price": 49,
		"category": "3",
		"createdAt": 1718114215761,
		"updatedAt": 1718114215761,
		"shellId": 15,
		"internalReference": "REF-123-456",
		"inventoryStatus": "1",
		"rating": 5
	},
	{
		"id": 1013,
		"code": "fldsmn31b",
		"name": "Grey T-Shirt",
		"description": "Product Description <br> ",
		"image": "https://picsum.photos/600/402",
		"price": 48,
		"category": "3",
		"createdAt": 1718114215761,
		"updatedAt": 1718114215761,
		"shellId": 15,
		"internalReference": "REF-123-456",
		"inventoryStatus": "3",
		"rating": 3
	},
	{
		"id": 1014,
		"code": "waas1x2as",
		"name": "Headphones",
		"description": "Product Description <br> Lorem ipsum dolor sit amet, consectetur adipiscing elit, sed do eiusmod tempor incididunt ut labore et dolore magna aliqua.  <br> Ut enim ad minim veniam, quis nostrud exercitation ullamco laboris nisi ut aliquip ex ea commodo consequat.  <br> Duis aute irure dolor in reprehenderit in voluptate velit esse cillum dolore eu fugiat nulla pariatur.  <br> Excepteur sint occaecat cupidatat non proident, sunt in culpa qui officia deserunt mollit anim id est laborum.",
		"image": "https://picsum.photos/600/410",
		"price": 175,
		"category": "4",
		"createdAt": 1718114215761,
		"updatedAt": 1718114215761,
		"shellId": 15,
		"internalReference": "REF-123-456",
		"inventoryStatus": "2",
		"rating": 5
	},
	{
		"id": 1015,
		"code": "vb34btbg5",
		"name": "Light Green T-Shirt",
		"description": "Product Description <br> Lorem ipsum dolor sit amet, consectetur adipiscing elit, sed do eiusmod tempor incididunt ut labore et dolore magna aliqua.  <br> Ut enim ad minim veniam, quis nostrud exercitation ullamco laboris nisi ut aliquip ex ea commodo consequat.  <br> Duis aute irure dolor in reprehenderit in voluptate velit esse cillum dolore eu fugiat nulla pariatur.  <br> Excepteur sint occaecat cupidatat non proident, sunt in culpa qui officia deserunt mollit anim id est laborum.",
		"image": "https://picsum.photos/600/402",
		"price": 49,
		"category": "3",
		"createdAt": 1718114215761,
		"updatedAt": 1718114215761,
		"shellId": 15,
		"internalReference": "REF-123-456",
		"inventoryStatus": "1",
		"rating": 4
	},
	{
		"id": 1016,
		"code": "k8l6j58jl",
		"name": "Lime Band",
		"description": "Product Description <br> Lorem ipsum dolor sit amet, consectetur adipiscing elit, sed do eiusmod tempor incididunt ut labore et dolore magna aliqua.  <br> Ut enim ad minim veniam, quis nostrud exercitation ullamco laboris nisi ut aliquip ex ea commodo consequat.  <br> Duis aute irure dolor in reprehenderit in voluptate velit esse cillum dolore eu fugiat nulla pariatur.  <br> Excepteur sint occaecat cupidatat non proident, sunt in culpa qui officia deserunt mollit anim id est laborum.",
		"image": "https://picsum.photos/300/400",
		"price": 79,
		"category": "1",
		"createdAt": 1718114215761,
		"updatedAt": 1718114215761,
		"shellId": 15,
		"internalReference": "REF-123-456",
		"inventoryStatus": "1",
		"rating": 3
	},
	{
		"id": 1017,
		"code": "v435nn85n",
		"name": "Mini Speakers",
		"description": "Product Description <br> Lorem ipsum dolor sit amet, consectetur adipiscing elit, sed do eiusmod tempor incididunt ut labore et dolore magna aliqua.  <br> Ut enim ad minim veniam, quis nostrud exercitation ullamco laboris nisi ut aliquip ex ea commodo consequat.  <br> Duis aute irure dolor in reprehenderit in voluptate velit esse cillum dolore eu fugiat nulla pariatur.  <br> Excepteur sint occaecat cupidatat non proident, sunt in culpa qui officia deserunt mollit anim id est laborum.",
		"image": "https://picsum.photos/400/400",
		"price": 85,
		"category": "3",
		"createdAt": 1718114215761,
		"updatedAt": 1718114215761,
		"shellId": 15,
		"internalReference": "REF-123-456",
		"inventoryStatus": "1",
		"rating": 4
	},
	{
		"id": 1018,
		"code": "09zx9c0zc",
		"name": "Painted Phone Case",
		"description": "Product Description <br> Lorem ipsum dolor sit amet, consectetur adipiscing elit, sed do eiusmod tempor incididunt ut labore et dolore magna aliqua.  <br> Ut enim ad minim veniam, quis nostrud exercitation ullamco laboris nisi ut aliquip ex ea commodo consequat.  <br> Duis aute irure dolor in reprehenderit in voluptate velit esse cillum dolore eu fugiat nulla pariatur.  <br> Excepteur sint occaecat cupidatat non proident, sunt in culpa qui officia deserunt mollit anim id est laborum.",
		"image": "https://picsum.photos/600/401",
		"price": 56,
		"category": "2",
		"createdAt": 1718114215761,
		"updatedAt": 1718114215761,
		"shellId": 15,
		"internalReference": "REF-123-456",
		"inventoryStatus": "1",
		"rating": 5
	},
	{
		"id": 1019,
		"code": "mnb5mb2m5",
		"name": "Pink Band",
		"description": "Product Description <br> Lorem ipsum dolor sit amet, consectetur adipiscing elit, sed do eiusmod tempor incididunt ut labore et dolore magna aliqua.  <br> Ut enim ad minim veniam, quis nostrud exercitation ullamco laboris nisi ut aliquip ex ea commodo consequat.  <br> Duis aute irure dolor in reprehenderit in voluptate velit esse cillum dolore eu fugiat nulla pariatur.  <br> Excepteur sint occaecat cupidatat non proident, sunt in culpa qui officia deserunt mollit anim id est laborum.",
		"image": "https://picsum.photos/600/402",
		"price": 79,
		"category": "1",
		"createdAt": 1718114215761,
		"updatedAt": 1718114215761,
		"shellId": 15,
		"internalReference": "REF-123-456",
		"inventoryStatus": "1",
		"rating": 4
	},
	{
		"id": 1020,
		"code": "r23fwf2w3",
		"name": "Pink Purse",
		"description": "Product Description <br> Lorem ipsum dolor sit amet, consectetur adipiscing elit, sed do eiusmod tempor incididunt ut labore et dolore magna aliqua.  <br> Ut enim ad minim veniam, quis nostrud exercitation ullamco laboris nisi ut aliquip ex ea commodo consequat.  <br> Duis aute irure dolor in reprehenderit in voluptate velit esse cillum dolore eu fugiat nulla pariatur.  <br> Excepteur sint occaecat cupidatat non proident, sunt in culpa qui officia deserunt mollit anim id est laborum.",
		"image": "https://picsum.photos/600/420",
		"price": 110,
		"category": "2",
		"createdAt": 1718114215761,
		"updatedAt": 1718114215761,
		"shellId": 15,
		"internalReference": "REF-123-456",
		"inventoryStatus": "3",
		"rating": 4
	},
	{
		"id": 1021,
		"code": "pxpzczo23",
		"name": "Purple Band",
		"description": "Product Description <br> Lorem ipsum dolor sit amet, consectetur adipiscing elit, sed do eiusmod tempor incididunt ut labore et dolore magna aliqua.  <br> Ut enim ad minim veniam, quis nostrud exercitation ullamco laboris nisi ut aliquip ex ea commodo consequat.  <br> Duis aute irure dolor in reprehenderit in voluptate velit esse cillum dolore eu fugiat nulla pariatur.  <br> Excepteur sint occaecat cupidatat non proident, sunt in culpa qui officia deserunt mollit anim id est laborum.",
		"image": "https://picsum.photos/600/401",
		"price": 79,
		"category": "1",
		"createdAt": 1718114215761,
		"updatedAt": 1718114215761,
		"shellId": 15,
		"internalReference": "REF-123-456",
		"inventoryStatus": "2",
		"rating": 3
	},
	{
		"id": 1022,
		"code": "2c42cb5cb",
		"name": "Purple Gemstone Necklace",
		"description": "Product Description <br> Lorem ipsum dolor sit amet, consectetur adipiscing elit, sed do eiusmod tempor incididunt ut labore et dolore magna aliqua.  <br> Ut enim ad minim veniam, quis nostrud exercitation ullamco laboris nisi ut aliquip ex ea commodo consequat.  <br> Duis aute irure dolor in reprehenderit in voluptate velit esse cillum dolore eu fugiat nulla pariatur.  <br> Excepteur sint occaecat cupidatat non proident, sunt in culpa qui officia deserunt mollit anim id est laborum.",
		"image": "https://picsum.photos/600/402",
		"price": 45,
		"category": "2",
		"createdAt": 1718114215761,
		"updatedAt": 1718114215761,
		"shellId": 15,
		"internalReference": "REF-123-456",
		"inventoryStatus": "1",
		"rating": 4
	},
	{
		"id": 1023,
		"code": "5k43kkk23",
		"name": "Purple T-Shirt",
		"description": "Product Description <br> Lorem ipsum dolor sit amet, consectetur adipiscing elit, sed do eiusmod tempor incididunt ut labore et dolore magna aliqua.  <br> Ut enim ad minim veniam, quis nostrud exercitation ullamco laboris nisi ut aliquip ex ea commodo consequat.  <br> Duis aute irure dolor in reprehenderit in voluptate velit esse cillum dolore eu fugiat nulla pariatur.  <br> Excepteur sint occaecat cupidatat non proident, sunt in culpa qui officia deserunt mollit anim id est laborum.",
		"image": "https://picsum.photos/1200/800",
		"price": 49,
		"category": "3",
		"createdAt": 1718114215761,
		"updatedAt": 1718114215761,
		"shellId": 15,
		"internalReference": "REF-123-456",
		"inventoryStatus": "2",
		"rating": 5
	},
	{
		"id": 1024,
		"code": "lm2tny2k4",
		"name": "Shoes",
		"description": "Product Description <br> Lorem ipsum dolor sit amet, consectetur adipiscing elit, sed do eiusmod tempor incididunt ut labore et dolore magna aliqua.  <br> Ut enim ad minim veniam, quis nostrud exercitation ullamco laboris nisi ut aliquip ex ea commodo consequat.  <br> Duis aute irure dolor in reprehenderit in voluptate velit esse cillum dolore eu fugiat nulla pariatur.  <br> Excepteur sint occaecat cupidatat non proident, sunt in culpa qui officia deserunt mollit anim id est laborum.",
		"image": "https://picsum.photos/1200/802",
		"price": 64,
		"category": "3",
		"createdAt": 1718114215761,
		"updatedAt": 1718114215761,
		"shellId": 15,
		"internalReference": "REF-123-456",
		"inventoryStatus": "1",
		"rating": 4
	},
	{
		"id": 1025,
		"code": "nbm5mv45n",
		"name": "Sneakers",
		"description": "Product Description <br> Lorem ipsum dolor sit amet, consectetur adipiscing elit, sed do eiusmod tempor incididunt ut labore et dolore magna aliqua.  <br> Ut enim ad minim veniam, quis nostrud exercitation ullamco laboris nisi ut aliquip ex ea commodo consequat.  <br> Duis aute irure dolor in reprehenderit in voluptate velit esse cillum dolore eu fugiat nulla pariatur.  <br> Excepteur sint occaecat cupidatat non proident, sunt in culpa qui officia deserunt mollit anim id est laborum.",
		"image": "https://picsum.photos/1200/900",
		"price": 78,
		"category": "3",
		"createdAt": 1718114215761,
		"updatedAt": 1718114215761,
		"shellId": 15,
		"internalReference": "REF-123-456",
		"inventoryStatus": "1",
		"rating": 4
	},
	{
		"id": 1026,
		"code": "zx23zc42c",
		"name": "Teal T-Shirt",
		"description": "Product Description <br> Lorem ipsum dolor sit amet, consectetur adipiscing elit, sed do eiusmod tempor incididunt ut labore et dolore magna aliqua.  <br> Ut enim ad minim veniam, quis nostrud exercitation ullamco laboris nisi ut aliquip ex ea commodo consequat.  <br> Duis aute irure dolor in reprehenderit in voluptate velit esse cillum dolore eu fugiat nulla pariatur.  <br> Excepteur sint occaecat cupidatat non proident, sunt in culpa qui officia deserunt mollit anim id est laborum.",
		"image": "https://picsum.photos/1200/902",
		"price": 49,
		"category": "3",
		"createdAt": 1718114215761,
		"updatedAt": 1718114215761,
		"shellId": 15,
		"internalReference": "REF-123-456",
		"inventoryStatus": "2",
		"rating": 3
	},
	{
		"id": 1027,
		"code": "acvx872gc",
		"name": "Yellow Earbuds",
		"description": "Product Description <br> Lorem ipsum dolor sit amet, consectetur adipiscing elit, sed do eiusmod tempor incididunt ut labore et dolore magna aliqua.  <br> Ut enim ad minim veniam, quis nostrud exercitation ullamco laboris nisi ut aliquip ex ea commodo consequat.  <br> Duis aute irure dolor in reprehenderit in voluptate velit esse cillum dolore eu fugiat nulla pariatur.  <br> Excepteur sint occaecat cupidatat non proident, sunt in culpa qui officia deserunt mollit anim id est laborum.",
		"image": "https://picsum.photos/900/301",
		"price": 89,
		"category": "4",
		"createdAt": 1718114215761,
		"updatedAt": 1718114215761,
		"shellId": 15,
		"internalReference": "REF-123-456",
		"inventoryStatus": "1",
		"rating": 3
	},
	{
		"id": 1028,
		"code": "tx125ck42",
		"name": "Yoga Mat",
		"description": "Product Description <br> Lorem ipsum dolor sit amet, consectetur adipiscing elit, sed do eiusmod tempor incididunt ut labore et dolore magna aliqua.  <br> Ut enim ad minim veniam, quis nostrud exercitation ullamco laboris nisi ut aliquip ex ea commodo consequat.  <br> Duis aute irure dolor in reprehenderit in voluptate velit esse cillum dolore eu fugiat nulla pariatur.  <br> Excepteur sint occaecat cupidatat non proident, sunt in culpa qui officia deserunt mollit anim id est laborum.",
		"image": "https://picsum.photos/600/402",
		"price": 20,
		"category": "1",
		"createdAt": 1718114215761,
		"updatedAt": 1718114215761,
		"shellId": 15,
		"internalReference": "REF-123-456",
		"inventoryStatus": "1",
		"rating": 5
	},
	{
		"id": 1029,
		"code": "gwuby345v",
		"name": "Yoga Set",
		"description": "Product Description <br> Lorem ipsum dolor sit amet, consectetur adipiscing elit, sed do eiusmod tempor incididunt ut labore et dolore magna aliqua.  <br> Ut enim ad minim veniam, quis nostrud exercitation ullamco laboris nisi ut aliquip ex ea commodo consequat.  <br> Duis aute irure dolor in reprehenderit in voluptate velit esse cillum dolore eu fugiat nulla pariatur.  <br> Excepteur sint occaecat cupidatat non proident, sunt in culpa qui officia deserunt mollit anim id est laborum.",
		"image": "https://picsum.photos/600/401",
		"price": 20,
		"category": "1",
		"createdAt": 1718114215761,
		"updatedAt": 1718114215761,
		"shellId": 15,
		"internalReference": "REF-123-456",
		"inventoryStatus": "1",
		"rating": 8
	}
]
