{
  "hash": "f0770ba4",
  "configHash": "13ff539e",
  "lockfileHash": "cc144101",
  "browserHash": "b46f68e3",
  "optimized": {
    "@angular/cdk/bidi": {
      "src": "../../../../../../node_modules/@angular/cdk/fesm2022/bidi.mjs",
      "file": "@angular_cdk_bidi.js",
      "fileHash": "5c1e450f",
      "needsInterop": false
    },
    "@angular/cdk/scrolling": {
      "src": "../../../../../../node_modules/@angular/cdk/fesm2022/scrolling.mjs",
      "file": "@angular_cdk_scrolling.js",
      "fileHash": "78ae2b11",
      "needsInterop": false
    },
    "@angular/cdk/text-field": {
      "src": "../../../../../../node_modules/@angular/cdk/fesm2022/text-field.mjs",
      "file": "@angular_cdk_text-field.js",
      "fileHash": "8e6fdc99",
      "needsInterop": false
    },
    "@angular/common": {
      "src": "../../../../../../node_modules/@angular/common/fesm2022/common.mjs",
      "file": "@angular_common.js",
      "fileHash": "855fa8a4",
      "needsInterop": false
    },
    "@angular/common/http": {
      "src": "../../../../../../node_modules/@angular/common/fesm2022/http.mjs",
      "file": "@angular_common_http.js",
      "fileHash": "dc5a794f",
      "needsInterop": false
    },
    "@angular/core": {
      "src": "../../../../../../node_modules/@angular/core/fesm2022/core.mjs",
      "file": "@angular_core.js",
      "fileHash": "4ce57452",
      "needsInterop": false
    },
    "@angular/forms": {
      "src": "../../../../../../node_modules/@angular/forms/fesm2022/forms.mjs",
      "file": "@angular_forms.js",
      "fileHash": "fe44fa56",
      "needsInterop": false
    },
    "@angular/material/button": {
      "src": "../../../../../../node_modules/@angular/material/fesm2022/button.mjs",
      "file": "@angular_material_button.js",
      "fileHash": "eefbca10",
      "needsInterop": false
    },
    "@angular/material/card": {
      "src": "../../../../../../node_modules/@angular/material/fesm2022/card.mjs",
      "file": "@angular_material_card.js",
      "fileHash": "9285889f",
      "needsInterop": false
    },
    "@angular/material/dialog": {
      "src": "../../../../../../node_modules/@angular/material/fesm2022/dialog.mjs",
      "file": "@angular_material_dialog.js",
      "fileHash": "e3edbd77",
      "needsInterop": false
    },
    "@angular/material/form-field": {
      "src": "../../../../../../node_modules/@angular/material/fesm2022/form-field.mjs",
      "file": "@angular_material_form-field.js",
      "fileHash": "90684414",
      "needsInterop": false
    },
    "@angular/material/grid-list": {
      "src": "../../../../../../node_modules/@angular/material/fesm2022/grid-list.mjs",
      "file": "@angular_material_grid-list.js",
      "fileHash": "47943852",
      "needsInterop": false
    },
    "@angular/material/icon": {
      "src": "../../../../../../node_modules/@angular/material/fesm2022/icon.mjs",
      "file": "@angular_material_icon.js",
      "fileHash": "0bb0314a",
      "needsInterop": false
    },
    "@angular/material/input": {
      "src": "../../../../../../node_modules/@angular/material/fesm2022/input.mjs",
      "file": "@angular_material_input.js",
      "fileHash": "2e313b00",
      "needsInterop": false
    },
    "@angular/material/list": {
      "src": "../../../../../../node_modules/@angular/material/fesm2022/list.mjs",
      "file": "@angular_material_list.js",
      "fileHash": "457ae91b",
      "needsInterop": false
    },
    "@angular/material/select": {
      "src": "../../../../../../node_modules/@angular/material/fesm2022/select.mjs",
      "file": "@angular_material_select.js",
      "fileHash": "aa691e85",
      "needsInterop": false
    },
    "@angular/material/toolbar": {
      "src": "../../../../../../node_modules/@angular/material/fesm2022/toolbar.mjs",
      "file": "@angular_material_toolbar.js",
      "fileHash": "1319ed3d",
      "needsInterop": false
    },
    "@angular/platform-browser": {
      "src": "../../../../../../node_modules/@angular/platform-browser/fesm2022/platform-browser.mjs",
      "file": "@angular_platform-browser.js",
      "fileHash": "2f058a8c",
      "needsInterop": false
    },
    "@angular/platform-server": {
      "src": "../../../../../../node_modules/@angular/platform-server/fesm2022/platform-server.mjs",
      "file": "@angular_platform-server.js",
      "fileHash": "4733ab68",
      "needsInterop": false
    },
    "@angular/router": {
      "src": "../../../../../../node_modules/@angular/router/fesm2022/router.mjs",
      "file": "@angular_router.js",
      "fileHash": "89b8d4f5",
      "needsInterop": false
    },
    "@angular/ssr": {
      "src": "../../../../../../node_modules/@angular/ssr/fesm2022/ssr.mjs",
      "file": "@angular_ssr.js",
      "fileHash": "5bcc82f4",
      "needsInterop": false
    },
    "@angular/ssr/node": {
      "src": "../../../../../../node_modules/@angular/ssr/fesm2022/node.mjs",
      "file": "@angular_ssr_node.js",
      "fileHash": "9b8cef8e",
      "needsInterop": false
    },
    "express": {
      "src": "../../../../../../node_modules/express/index.js",
      "file": "express.js",
      "fileHash": "66a43649",
      "needsInterop": true
    },
    "primeng/api": {
      "src": "../../../../../../node_modules/primeng/fesm2022/primeng-api.mjs",
      "file": "primeng_api.js",
      "fileHash": "6842708c",
      "needsInterop": false
    },
    "primeng/button": {
      "src": "../../../../../../node_modules/primeng/fesm2022/primeng-button.mjs",
      "file": "primeng_button.js",
      "fileHash": "09264336",
      "needsInterop": false
    },
    "primeng/dataview": {
      "src": "../../../../../../node_modules/primeng/fesm2022/primeng-dataview.mjs",
      "file": "primeng_dataview.js",
      "fileHash": "d4f39704",
      "needsInterop": false
    },
    "primeng/dialog": {
      "src": "../../../../../../node_modules/primeng/fesm2022/primeng-dialog.mjs",
      "file": "primeng_dialog.js",
      "fileHash": "fe9814e2",
      "needsInterop": false
    },
    "primeng/dropdown": {
      "src": "../../../../../../node_modules/primeng/fesm2022/primeng-dropdown.mjs",
      "file": "primeng_dropdown.js",
      "fileHash": "1ca7ac4a",
      "needsInterop": false
    },
    "primeng/inputnumber": {
      "src": "../../../../../../node_modules/primeng/fesm2022/primeng-inputnumber.mjs",
      "file": "primeng_inputnumber.js",
      "fileHash": "da5330da",
      "needsInterop": false
    },
    "primeng/overlay": {
      "src": "../../../../../../node_modules/primeng/fesm2022/primeng-overlay.mjs",
      "file": "primeng_overlay.js",
      "fileHash": "ac433ff6",
      "needsInterop": false
    },
    "primeng/panelmenu": {
      "src": "../../../../../../node_modules/primeng/fesm2022/primeng-panelmenu.mjs",
      "file": "primeng_panelmenu.js",
      "fileHash": "063523e5",
      "needsInterop": false
    },
    "primeng/scroller": {
      "src": "../../../../../../node_modules/primeng/fesm2022/primeng-scroller.mjs",
      "file": "primeng_scroller.js",
      "fileHash": "459ee891",
      "needsInterop": false
    },
    "primeng/splitter": {
      "src": "../../../../../../node_modules/primeng/fesm2022/primeng-splitter.mjs",
      "file": "primeng_splitter.js",
      "fileHash": "4b494ab5",
      "needsInterop": false
    },
    "rxjs": {
      "src": "../../../../../../node_modules/rxjs/dist/cjs/index.js",
      "file": "rxjs.js",
      "fileHash": "fca358eb",
      "needsInterop": true
    },
    "@angular/platform-browser/animations/async": {
      "src": "../../../../../../node_modules/@angular/platform-browser/fesm2022/animations/async.mjs",
      "file": "@angular_platform-browser_animations_async.js",
      "fileHash": "6cf50578",
      "needsInterop": false
    }
  },
  "chunks": {
    "browser-4PF2LDXI": {
      "file": "browser-4PF2LDXI.js"
    },
    "xhr2-GQGQZVNL": {
      "file": "xhr2-GQGQZVNL.js"
    },
    "chunk-FTQIH53Q": {
      "file": "chunk-FTQIH53Q.js"
    },
    "chunk-KMXJ2AII": {
      "file": "chunk-KMXJ2AII.js"
    },
    "chunk-5OQGS3UT": {
      "file": "chunk-5OQGS3UT.js"
    },
    "chunk-RG3PSTCL": {
      "file": "chunk-RG3PSTCL.js"
    },
    "chunk-JNXLLJ4G": {
      "file": "chunk-JNXLLJ4G.js"
    },
    "chunk-LAVLEF2I": {
      "file": "chunk-LAVLEF2I.js"
    },
    "chunk-LKWSSJOF": {
      "file": "chunk-LKWSSJOF.js"
    },
    "chunk-2JV6AV3E": {
      "file": "chunk-2JV6AV3E.js"
    },
    "chunk-JTFA3I6T": {
      "file": "chunk-JTFA3I6T.js"
    },
    "chunk-AHUJYLTV": {
      "file": "chunk-AHUJYLTV.js"
    },
    "chunk-E6ZPSBJH": {
      "file": "chunk-E6ZPSBJH.js"
    },
    "chunk-LTYYKNXL": {
      "file": "chunk-LTYYKNXL.js"
    },
    "chunk-HBVZSVQB": {
      "file": "chunk-HBVZSVQB.js"
    },
    "chunk-LEGOBRBO": {
      "file": "chunk-LEGOBRBO.js"
    },
    "chunk-Y6OCQWWK": {
      "file": "chunk-Y6OCQWWK.js"
    },
    "chunk-T3CDUUF5": {
      "file": "chunk-T3CDUUF5.js"
    },
    "chunk-XCL5XYLZ": {
      "file": "chunk-XCL5XYLZ.js"
    },
    "chunk-HUGIBKDA": {
      "file": "chunk-HUGIBKDA.js"
    },
    "chunk-X2G4DTTV": {
      "file": "chunk-X2G4DTTV.js"
    },
    "chunk-RUGP6L4U": {
      "file": "chunk-RUGP6L4U.js"
    },
    "chunk-WM5R27FQ": {
      "file": "chunk-WM5R27FQ.js"
    },
    "chunk-YDI5XXYD": {
      "file": "chunk-YDI5XXYD.js"
    },
    "chunk-SUD2E3GD": {
      "file": "chunk-SUD2E3GD.js"
    },
    "chunk-UYE3R7IO": {
      "file": "chunk-UYE3R7IO.js"
    },
    "chunk-G4JHAG3C": {
      "file": "chunk-G4JHAG3C.js"
    },
    "chunk-6KQMH66P": {
      "file": "chunk-6KQMH66P.js"
    },
    "chunk-TKDDJYAG": {
      "file": "chunk-TKDDJYAG.js"
    },
    "chunk-AWW4JXEK": {
      "file": "chunk-AWW4JXEK.js"
    },
    "chunk-HECT3SAV": {
      "file": "chunk-HECT3SAV.js"
    },
    "chunk-657E6O6C": {
      "file": "chunk-657E6O6C.js"
    },
    "chunk-OJ3I57TI": {
      "file": "chunk-OJ3I57TI.js"
    },
    "chunk-W4D37G4X": {
      "file": "chunk-W4D37G4X.js"
    },
    "chunk-REX7EOCC": {
      "file": "chunk-REX7EOCC.js"
    },
    "chunk-T63J56C2": {
      "file": "chunk-T63J56C2.js"
    },
    "chunk-NTOHQGJU": {
      "file": "chunk-NTOHQGJU.js"
    },
    "chunk-XW6SDNL2": {
      "file": "chunk-XW6SDNL2.js"
    },
    "chunk-JTNASOKH": {
      "file": "chunk-JTNASOKH.js"
    },
    "chunk-YD42PGHY": {
      "file": "chunk-YD42PGHY.js"
    },
    "chunk-R5VTAUEX": {
      "file": "chunk-R5VTAUEX.js"
    },
    "chunk-N55ZFUUE": {
      "file": "chunk-N55ZFUUE.js"
    },
    "chunk-SBQGIAH2": {
      "file": "chunk-SBQGIAH2.js"
    },
    "chunk-MKHVCWTC": {
      "file": "chunk-MKHVCWTC.js"
    },
    "chunk-YHCV7DAQ": {
      "file": "chunk-YHCV7DAQ.js"
    }
  }
}