{
  "hash": "3d3e5c07",
  "configHash": "2afc4f8d",
  "lockfileHash": "cc144101",
  "browserHash": "fa2bc2e5",
  "optimized": {
    "@angular/cdk/bidi": {
      "src": "../../../../../../node_modules/@angular/cdk/fesm2022/bidi.mjs",
      "file": "@angular_cdk_bidi.js",
      "fileHash": "704111e4",
      "needsInterop": false
    },
    "@angular/cdk/scrolling": {
      "src": "../../../../../../node_modules/@angular/cdk/fesm2022/scrolling.mjs",
      "file": "@angular_cdk_scrolling.js",
      "fileHash": "a7dd723f",
      "needsInterop": false
    },
    "@angular/cdk/text-field": {
      "src": "../../../../../../node_modules/@angular/cdk/fesm2022/text-field.mjs",
      "file": "@angular_cdk_text-field.js",
      "fileHash": "4364de78",
      "needsInterop": false
    },
    "@angular/common": {
      "src": "../../../../../../node_modules/@angular/common/fesm2022/common.mjs",
      "file": "@angular_common.js",
      "fileHash": "3cb1f65d",
      "needsInterop": false
    },
    "@angular/common/http": {
      "src": "../../../../../../node_modules/@angular/common/fesm2022/http.mjs",
      "file": "@angular_common_http.js",
      "fileHash": "e1598d49",
      "needsInterop": false
    },
    "@angular/core": {
      "src": "../../../../../../node_modules/@angular/core/fesm2022/core.mjs",
      "file": "@angular_core.js",
      "fileHash": "46e6f4a4",
      "needsInterop": false
    },
    "@angular/forms": {
      "src": "../../../../../../node_modules/@angular/forms/fesm2022/forms.mjs",
      "file": "@angular_forms.js",
      "fileHash": "2f362bfb",
      "needsInterop": false
    },
    "@angular/material/button": {
      "src": "../../../../../../node_modules/@angular/material/fesm2022/button.mjs",
      "file": "@angular_material_button.js",
      "fileHash": "98cd21bc",
      "needsInterop": false
    },
    "@angular/material/card": {
      "src": "../../../../../../node_modules/@angular/material/fesm2022/card.mjs",
      "file": "@angular_material_card.js",
      "fileHash": "88babe10",
      "needsInterop": false
    },
    "@angular/material/form-field": {
      "src": "../../../../../../node_modules/@angular/material/fesm2022/form-field.mjs",
      "file": "@angular_material_form-field.js",
      "fileHash": "aa222c69",
      "needsInterop": false
    },
    "@angular/material/grid-list": {
      "src": "../../../../../../node_modules/@angular/material/fesm2022/grid-list.mjs",
      "file": "@angular_material_grid-list.js",
      "fileHash": "657bb74f",
      "needsInterop": false
    },
    "@angular/material/icon": {
      "src": "../../../../../../node_modules/@angular/material/fesm2022/icon.mjs",
      "file": "@angular_material_icon.js",
      "fileHash": "45bec8a7",
      "needsInterop": false
    },
    "@angular/material/input": {
      "src": "../../../../../../node_modules/@angular/material/fesm2022/input.mjs",
      "file": "@angular_material_input.js",
      "fileHash": "68c071d3",
      "needsInterop": false
    },
    "@angular/material/list": {
      "src": "../../../../../../node_modules/@angular/material/fesm2022/list.mjs",
      "file": "@angular_material_list.js",
      "fileHash": "881d9bdb",
      "needsInterop": false
    },
    "@angular/material/select": {
      "src": "../../../../../../node_modules/@angular/material/fesm2022/select.mjs",
      "file": "@angular_material_select.js",
      "fileHash": "82b1387a",
      "needsInterop": false
    },
    "@angular/material/toolbar": {
      "src": "../../../../../../node_modules/@angular/material/fesm2022/toolbar.mjs",
      "file": "@angular_material_toolbar.js",
      "fileHash": "374bcf20",
      "needsInterop": false
    },
    "@angular/platform-browser": {
      "src": "../../../../../../node_modules/@angular/platform-browser/fesm2022/platform-browser.mjs",
      "file": "@angular_platform-browser.js",
      "fileHash": "868eb53b",
      "needsInterop": false
    },
    "@angular/router": {
      "src": "../../../../../../node_modules/@angular/router/fesm2022/router.mjs",
      "file": "@angular_router.js",
      "fileHash": "74ecec72",
      "needsInterop": false
    },
    "primeng/api": {
      "src": "../../../../../../node_modules/primeng/fesm2022/primeng-api.mjs",
      "file": "primeng_api.js",
      "fileHash": "229f9d80",
      "needsInterop": false
    },
    "primeng/button": {
      "src": "../../../../../../node_modules/primeng/fesm2022/primeng-button.mjs",
      "file": "primeng_button.js",
      "fileHash": "be618895",
      "needsInterop": false
    },
    "primeng/dataview": {
      "src": "../../../../../../node_modules/primeng/fesm2022/primeng-dataview.mjs",
      "file": "primeng_dataview.js",
      "fileHash": "4466653c",
      "needsInterop": false
    },
    "primeng/dialog": {
      "src": "../../../../../../node_modules/primeng/fesm2022/primeng-dialog.mjs",
      "file": "primeng_dialog.js",
      "fileHash": "78468dac",
      "needsInterop": false
    },
    "primeng/panelmenu": {
      "src": "../../../../../../node_modules/primeng/fesm2022/primeng-panelmenu.mjs",
      "file": "primeng_panelmenu.js",
      "fileHash": "fe03e9f0",
      "needsInterop": false
    },
    "primeng/splitter": {
      "src": "../../../../../../node_modules/primeng/fesm2022/primeng-splitter.mjs",
      "file": "primeng_splitter.js",
      "fileHash": "72a3b0ec",
      "needsInterop": false
    },
    "rxjs": {
      "src": "../../../../../../node_modules/rxjs/dist/esm5/index.js",
      "file": "rxjs.js",
      "fileHash": "6a067b19",
      "needsInterop": false
    }
  },
  "chunks": {
    "chunk-TQHCJ33O": {
      "file": "chunk-TQHCJ33O.js"
    },
    "chunk-MKZ5VKO6": {
      "file": "chunk-MKZ5VKO6.js"
    },
    "chunk-B2N6WX2Y": {
      "file": "chunk-B2N6WX2Y.js"
    },
    "chunk-T7ZIWLNH": {
      "file": "chunk-T7ZIWLNH.js"
    },
    "chunk-6QSRBXC2": {
      "file": "chunk-6QSRBXC2.js"
    },
    "chunk-JYUU3DO2": {
      "file": "chunk-JYUU3DO2.js"
    },
    "chunk-QRRIHMWL": {
      "file": "chunk-QRRIHMWL.js"
    },
    "chunk-ORY744YL": {
      "file": "chunk-ORY744YL.js"
    },
    "chunk-L4CJZZCN": {
      "file": "chunk-L4CJZZCN.js"
    },
    "chunk-FOS6NB3N": {
      "file": "chunk-FOS6NB3N.js"
    },
    "chunk-6DHTD77G": {
      "file": "chunk-6DHTD77G.js"
    },
    "chunk-CA6QE6KA": {
      "file": "chunk-CA6QE6KA.js"
    },
    "chunk-UTZDSD76": {
      "file": "chunk-UTZDSD76.js"
    },
    "chunk-W7KNX6P6": {
      "file": "chunk-W7KNX6P6.js"
    },
    "chunk-AMCOJ7UH": {
      "file": "chunk-AMCOJ7UH.js"
    },
    "chunk-TJCBUVWX": {
      "file": "chunk-TJCBUVWX.js"
    },
    "chunk-EVNPPWRC": {
      "file": "chunk-EVNPPWRC.js"
    },
    "chunk-2VWS7SN4": {
      "file": "chunk-2VWS7SN4.js"
    },
    "chunk-7JU67MPS": {
      "file": "chunk-7JU67MPS.js"
    },
    "chunk-SW456M7L": {
      "file": "chunk-SW456M7L.js"
    },
    "chunk-SBURROX6": {
      "file": "chunk-SBURROX6.js"
    },
    "chunk-AVJN2XBM": {
      "file": "chunk-AVJN2XBM.js"
    },
    "chunk-KM2LSL76": {
      "file": "chunk-KM2LSL76.js"
    },
    "chunk-PWUPFSYR": {
      "file": "chunk-PWUPFSYR.js"
    },
    "chunk-H3Z65K7J": {
      "file": "chunk-H3Z65K7J.js"
    },
    "chunk-J72EPGVS": {
      "file": "chunk-J72EPGVS.js"
    },
    "chunk-XSDE2U64": {
      "file": "chunk-XSDE2U64.js"
    },
    "chunk-FY26J54M": {
      "file": "chunk-FY26J54M.js"
    },
    "chunk-WEROPNAS": {
      "file": "chunk-WEROPNAS.js"
    }
  }
}