{
  "hash": "30add037",
  "configHash": "752dc327",
  "lockfileHash": "cc144101",
  "browserHash": "b7c0edc7",
  "optimized": {
    "@angular/cdk/bidi": {
      "src": "../../../../../../node_modules/@angular/cdk/fesm2022/bidi.mjs",
      "file": "@angular_cdk_bidi.js",
      "fileHash": "09fcac77",
      "needsInterop": false
    },
    "@angular/cdk/scrolling": {
      "src": "../../../../../../node_modules/@angular/cdk/fesm2022/scrolling.mjs",
      "file": "@angular_cdk_scrolling.js",
      "fileHash": "34e627a8",
      "needsInterop": false
    },
    "@angular/cdk/text-field": {
      "src": "../../../../../../node_modules/@angular/cdk/fesm2022/text-field.mjs",
      "file": "@angular_cdk_text-field.js",
      "fileHash": "229918de",
      "needsInterop": false
    },
    "@angular/common": {
      "src": "../../../../../../node_modules/@angular/common/fesm2022/common.mjs",
      "file": "@angular_common.js",
      "fileHash": "309040ad",
      "needsInterop": false
    },
    "@angular/common/http": {
      "src": "../../../../../../node_modules/@angular/common/fesm2022/http.mjs",
      "file": "@angular_common_http.js",
      "fileHash": "5ccbf2b4",
      "needsInterop": false
    },
    "@angular/core": {
      "src": "../../../../../../node_modules/@angular/core/fesm2022/core.mjs",
      "file": "@angular_core.js",
      "fileHash": "f17ec889",
      "needsInterop": false
    },
    "@angular/forms": {
      "src": "../../../../../../node_modules/@angular/forms/fesm2022/forms.mjs",
      "file": "@angular_forms.js",
      "fileHash": "a907e916",
      "needsInterop": false
    },
    "@angular/material/button": {
      "src": "../../../../../../node_modules/@angular/material/fesm2022/button.mjs",
      "file": "@angular_material_button.js",
      "fileHash": "683fa083",
      "needsInterop": false
    },
    "@angular/material/card": {
      "src": "../../../../../../node_modules/@angular/material/fesm2022/card.mjs",
      "file": "@angular_material_card.js",
      "fileHash": "fca6664a",
      "needsInterop": false
    },
    "@angular/material/dialog": {
      "src": "../../../../../../node_modules/@angular/material/fesm2022/dialog.mjs",
      "file": "@angular_material_dialog.js",
      "fileHash": "b38c968a",
      "needsInterop": false
    },
    "@angular/material/form-field": {
      "src": "../../../../../../node_modules/@angular/material/fesm2022/form-field.mjs",
      "file": "@angular_material_form-field.js",
      "fileHash": "33b6f1c4",
      "needsInterop": false
    },
    "@angular/material/grid-list": {
      "src": "../../../../../../node_modules/@angular/material/fesm2022/grid-list.mjs",
      "file": "@angular_material_grid-list.js",
      "fileHash": "acb41155",
      "needsInterop": false
    },
    "@angular/material/icon": {
      "src": "../../../../../../node_modules/@angular/material/fesm2022/icon.mjs",
      "file": "@angular_material_icon.js",
      "fileHash": "68e9cf53",
      "needsInterop": false
    },
    "@angular/material/input": {
      "src": "../../../../../../node_modules/@angular/material/fesm2022/input.mjs",
      "file": "@angular_material_input.js",
      "fileHash": "4963aa14",
      "needsInterop": false
    },
    "@angular/material/list": {
      "src": "../../../../../../node_modules/@angular/material/fesm2022/list.mjs",
      "file": "@angular_material_list.js",
      "fileHash": "f2c1822c",
      "needsInterop": false
    },
    "@angular/material/select": {
      "src": "../../../../../../node_modules/@angular/material/fesm2022/select.mjs",
      "file": "@angular_material_select.js",
      "fileHash": "16d92a73",
      "needsInterop": false
    },
    "@angular/material/toolbar": {
      "src": "../../../../../../node_modules/@angular/material/fesm2022/toolbar.mjs",
      "file": "@angular_material_toolbar.js",
      "fileHash": "161202b7",
      "needsInterop": false
    },
    "@angular/platform-browser": {
      "src": "../../../../../../node_modules/@angular/platform-browser/fesm2022/platform-browser.mjs",
      "file": "@angular_platform-browser.js",
      "fileHash": "0aa08e2a",
      "needsInterop": false
    },
    "@angular/platform-browser/animations/async": {
      "src": "../../../../../../node_modules/@angular/platform-browser/fesm2022/animations/async.mjs",
      "file": "@angular_platform-browser_animations_async.js",
      "fileHash": "d345412d",
      "needsInterop": false
    },
    "@angular/router": {
      "src": "../../../../../../node_modules/@angular/router/fesm2022/router.mjs",
      "file": "@angular_router.js",
      "fileHash": "9eda965d",
      "needsInterop": false
    },
    "primeng/api": {
      "src": "../../../../../../node_modules/primeng/fesm2022/primeng-api.mjs",
      "file": "primeng_api.js",
      "fileHash": "f960ccea",
      "needsInterop": false
    },
    "primeng/button": {
      "src": "../../../../../../node_modules/primeng/fesm2022/primeng-button.mjs",
      "file": "primeng_button.js",
      "fileHash": "e662afc3",
      "needsInterop": false
    },
    "primeng/dataview": {
      "src": "../../../../../../node_modules/primeng/fesm2022/primeng-dataview.mjs",
      "file": "primeng_dataview.js",
      "fileHash": "3d88a796",
      "needsInterop": false
    },
    "primeng/dialog": {
      "src": "../../../../../../node_modules/primeng/fesm2022/primeng-dialog.mjs",
      "file": "primeng_dialog.js",
      "fileHash": "96b54aaa",
      "needsInterop": false
    },
    "primeng/dropdown": {
      "src": "../../../../../../node_modules/primeng/fesm2022/primeng-dropdown.mjs",
      "file": "primeng_dropdown.js",
      "fileHash": "aae07e92",
      "needsInterop": false
    },
    "primeng/inputnumber": {
      "src": "../../../../../../node_modules/primeng/fesm2022/primeng-inputnumber.mjs",
      "file": "primeng_inputnumber.js",
      "fileHash": "0edf6468",
      "needsInterop": false
    },
    "primeng/overlay": {
      "src": "../../../../../../node_modules/primeng/fesm2022/primeng-overlay.mjs",
      "file": "primeng_overlay.js",
      "fileHash": "661e3a13",
      "needsInterop": false
    },
    "primeng/panelmenu": {
      "src": "../../../../../../node_modules/primeng/fesm2022/primeng-panelmenu.mjs",
      "file": "primeng_panelmenu.js",
      "fileHash": "cf9bff12",
      "needsInterop": false
    },
    "primeng/scroller": {
      "src": "../../../../../../node_modules/primeng/fesm2022/primeng-scroller.mjs",
      "file": "primeng_scroller.js",
      "fileHash": "a25aa7d9",
      "needsInterop": false
    },
    "primeng/splitter": {
      "src": "../../../../../../node_modules/primeng/fesm2022/primeng-splitter.mjs",
      "file": "primeng_splitter.js",
      "fileHash": "1436f1ab",
      "needsInterop": false
    },
    "rxjs": {
      "src": "../../../../../../node_modules/rxjs/dist/esm5/index.js",
      "file": "rxjs.js",
      "fileHash": "5a765ad1",
      "needsInterop": false
    }
  },
  "chunks": {
    "browser-R76VNYSM": {
      "file": "browser-R76VNYSM.js"
    },
    "chunk-4AKH3QLI": {
      "file": "chunk-4AKH3QLI.js"
    },
    "chunk-G2ZIRY6H": {
      "file": "chunk-G2ZIRY6H.js"
    },
    "chunk-RZLDD5KG": {
      "file": "chunk-RZLDD5KG.js"
    },
    "chunk-KG6TCI3B": {
      "file": "chunk-KG6TCI3B.js"
    },
    "chunk-U77LTFTB": {
      "file": "chunk-U77LTFTB.js"
    },
    "chunk-GLJQQ33K": {
      "file": "chunk-GLJQQ33K.js"
    },
    "chunk-ICGF7H4M": {
      "file": "chunk-ICGF7H4M.js"
    },
    "chunk-MCIDEIUL": {
      "file": "chunk-MCIDEIUL.js"
    },
    "chunk-7X6X6VVN": {
      "file": "chunk-7X6X6VVN.js"
    },
    "chunk-PNPGPKFV": {
      "file": "chunk-PNPGPKFV.js"
    },
    "chunk-ASK5A324": {
      "file": "chunk-ASK5A324.js"
    },
    "chunk-ME76QSLW": {
      "file": "chunk-ME76QSLW.js"
    },
    "chunk-UAUYT6DP": {
      "file": "chunk-UAUYT6DP.js"
    },
    "chunk-27LPLE5R": {
      "file": "chunk-27LPLE5R.js"
    },
    "chunk-O5HXAI3G": {
      "file": "chunk-O5HXAI3G.js"
    },
    "chunk-BPR3ZMNR": {
      "file": "chunk-BPR3ZMNR.js"
    },
    "chunk-KSX7JHPT": {
      "file": "chunk-KSX7JHPT.js"
    },
    "chunk-6N5MG6R4": {
      "file": "chunk-6N5MG6R4.js"
    },
    "chunk-G6H4NHFX": {
      "file": "chunk-G6H4NHFX.js"
    },
    "chunk-FOS6NB3N": {
      "file": "chunk-FOS6NB3N.js"
    },
    "chunk-H26AL5BN": {
      "file": "chunk-H26AL5BN.js"
    },
    "chunk-7PSCU3PM": {
      "file": "chunk-7PSCU3PM.js"
    },
    "chunk-VFNCZDPD": {
      "file": "chunk-VFNCZDPD.js"
    },
    "chunk-W7KNX6P6": {
      "file": "chunk-W7KNX6P6.js"
    },
    "chunk-ZCTIY6TG": {
      "file": "chunk-ZCTIY6TG.js"
    },
    "chunk-EAXJQD6V": {
      "file": "chunk-EAXJQD6V.js"
    },
    "chunk-66WT25N7": {
      "file": "chunk-66WT25N7.js"
    },
    "chunk-76QBZA6G": {
      "file": "chunk-76QBZA6G.js"
    },
    "chunk-SW456M7L": {
      "file": "chunk-SW456M7L.js"
    },
    "chunk-DHM7SOQG": {
      "file": "chunk-DHM7SOQG.js"
    },
    "chunk-CAB4VGNO": {
      "file": "chunk-CAB4VGNO.js"
    },
    "chunk-AVJN2XBM": {
      "file": "chunk-AVJN2XBM.js"
    },
    "chunk-BLU6M2NY": {
      "file": "chunk-BLU6M2NY.js"
    },
    "chunk-XH6AYXS3": {
      "file": "chunk-XH6AYXS3.js"
    },
    "chunk-PWUPFSYR": {
      "file": "chunk-PWUPFSYR.js"
    },
    "chunk-5JUT6JHS": {
      "file": "chunk-5JUT6JHS.js"
    },
    "chunk-OZLZNHJ4": {
      "file": "chunk-OZLZNHJ4.js"
    },
    "chunk-JBB2CN2P": {
      "file": "chunk-JBB2CN2P.js"
    },
    "chunk-FY26J54M": {
      "file": "chunk-FY26J54M.js"
    },
    "chunk-WEROPNAS": {
      "file": "chunk-WEROPNAS.js"
    }
  }
}